{
  "project_info": {
    "project_number": "604925864464",
    "project_id": "bus-book-2df02",
    "storage_bucket": "bus-book-2df02.appspot.com"
  },
  "client": [
    {
      "client_info": {
        "mobilesdk_app_id": "1:604925864464:android:c23f34e70f960974643895",
        "android_client_info": {
          "package_name": "com.example.busunica"
        }
      },
      "oauth_client": [
        {
          "client_id": "604925864464-hc7o80elv90jb71tas068e5tqr6tmou0.apps.googleusercontent.com",
          "client_type": 3
        }
      ],
      "api_key": [
        {
          "current_key": "AIzaSyBSafk6xGQPMaUPWWDbh0tCfo-ojgBc3hI"
        }
      ],
      "services": {
        "appinvite_service": {
          "other_platform_oauth_client": [
            {
              "client_id": "604925864464-hc7o80elv90jb71tas068e5tqr6tmou0.apps.googleusercontent.com",
              "client_type": 3
            }
          ]
        }
      }
    }
  ],
  "configuration_version": "1"
}